OBJECTID,COUNTY,CITY,SHAPE_Length,SHAPE_Area
1,San Bernardino,Adelanto,122818.299432442,202527216.582133
2,Los Angeles,Agoura Hills,29626.9407231508,29643180.1552182
3,Alameda,Alameda,52137.8769118302,43583052.4593612
4,Alameda,Albany,16774.017561212,7558117.21423603
5,Los Angeles,Alhambra,25461.4876329188,28883376.6114472
6,Orange,Aliso Viejo,33775.3696308582,25901253.5296592
7,Modoc,Alturas,23764.8127344721,13359025.0748541
8,Amador,Amador City,4628.80717539254,1307710.11049111
9,Napa,American Canyon,34793.6440438085,25657660.1451823
10,Orange,Anaheim,147822.69035467,196108999.613739
11,Shasta,Anderson,47510.5481526246,32458888.4386541
12,Calaveras,Angels Camp,30295.3811127137,14886738.2873216
13,Contra Costa,Antioch,74914.6180628467,124941447.462185
14,San Bernardino,Apple Valley,105049.496705671,294405037.768562
15,Los Angeles,Arcadia,48662.39865065,42082448.1645364
16,Humboldt,Arcata,75159.8543906088,51385121.6257043
17,San Luis Obispo,Arroyo Grande,31484.2368777697,23011217.5747408
18,Los Angeles,Artesia,15055.458766805,6128534.54466668
19,Kern,Arvin,26421.7606989486,18685857.6241397
20,San Luis Obispo,Atascadero,57267.5375667309,102461859.826455
21,San Mateo,Atherton,30997.3733329307,20737664.7625888
22,Merced,Atwater,45442.5725787282,27568274.0133198
23,Placer,Auburn,59836.9229745271,30627246.3043039
24,Los Angeles,Avalon,20901.4057551505,10948557.59694
25,Kings,Avenal,55421.4830221233,77458981.5223702
26,Los Angeles,Azusa,58591.2627191578,36615279.440498
27,Kern,Bakersfield,536308.402107617,591957825.162409
28,Los Angeles,Baldwin Park,32301.76398319,25658138.7550907
29,Riverside,Banning,98557.2975789747,87707280.4799354
30,San Bernardino,Barstow,124528.363805012,159114428.789533
31,Riverside,Beaumont,95506.7991222664,114352990.64054
32,Los Angeles,Bell,24187.7973649777,9896026.34888422
33,Los Angeles,Bell Gardens,14226.2157586177,9285293.38072708
34,Los Angeles,Bellflower,21825.9089684598,23316766.07868
35,San Mateo,Belmont,28173.7772276943,19123418.2196154
36,Marin,Belvedere,8307.52493870507,2645760.01296747
37,Solano,Benicia,44254.5232957137,54541414.7750151
38,Alameda,Berkeley,41459.8367324381,44043848.6268851
39,Los Angeles,Beverly Hills,31778.1464910812,21616862.7916367
40,San Bernardino,Big Bear Lake,56830.6192226937,24456282.1758821
41,Butte,Biggs,16135.5486184904,3846221.96847805
42,Inyo,Bishop,20427.2825511611,7733927.76662899
43,Humboldt,Blue Lake,12023.8197091084,2934186.0945524
44,Riverside,Blythe,121185.789441709,102128779.131289
45,Los Angeles,Bradbury,14387.3505835872,7454190.40952294
46,Imperial,Brawley,38180.6914694529,29855025.04767
47,Orange,Brea,68241.9707096387,46234997.2276017
48,Contra Costa,Brentwood,55421.5446414708,62015016.8279298
49,San Mateo,Brisbane,22435.465536382,13141853.6390178
50,Santa Barbara,Buellton,14624.7621433802,6141802.36296661
51,Orange,Buena Park,48303.8377154201,39656062.1202353
52,Los Angeles,Burbank,37732.6951002645,65680187.6916668
53,San Mateo,Burlingame,33027.5678387048,18469807.3634387
54,Los Angeles,Calabasas,55027.0141093007,52298281.8001284
55,Imperial,Calexico,29186.6599500102,31087571.5947189
56,Kern,California City,218543.464220747,789537582.589031
57,Riverside,Calimesa,49018.056262052,56203576.0232338
58,Imperial,Calipatria,26908.2929220679,13738251.6526027
59,Napa,Calistoga,18961.5001568051,10908956.6102524
60,Ventura,Camarillo,81527.131155545,75049422.4790604
61,Santa Clara,Campbell,42631.9448015409,24998433.1168783
62,Riverside,Canyon Lake,23490.5798595959,17337155.7767343
63,Santa Cruz,Capitola,17092.7812002259,6563801.59799057
64,San Diego,Carlsbad,64938.8544561365,144618402.559416
65,Monterey,Carmel-by-the-Sea,11103.4492502443,4207291.68784442
66,Santa Barbara,Carpinteria,25481.3894968684,9769194.72368075
67,Los Angeles,Carson,46865.8997333276,71264281.9633293
68,Riverside,Cathedral City,72484.3277856403,85685092.9388928
69,Stanislaus,Ceres,50115.3067791011,39070074.1489278
70,Los Angeles,Cerritos,44159.8808403632,33280830.9105249
71,Butte,Chico,133508.407352818,150665486.779471
72,San Bernardino,Chino,76113.5247241607,112329838.333716
73,San Bernardino,Chino Hills,64200.6791684471,169201220.718223
74,Madera,Chowchilla,54494.8764883057,47512774.2549077
75,San Diego,Chula Vista,117806.854388038,190896872.895539
76,Sacramento,Citrus Heights,37762.3354788659,60529480.2444463
77,Los Angeles,Claremont,55362.5310834762,51009193.3274887
78,Contra Costa,Clayton,22349.1629055951,15979272.9470104
79,Lake,Clearlake,59497.0070527463,45141923.8543802
80,Sonoma,Cloverdale,32391.9174313441,13503600.1946453
81,Fresno,Clovis,97663.5920843978,105253884.587599
82,Riverside,Coachella,74723.47269903,116022122.171008
83,Fresno,Coalinga,59004.0782620929,26811703.5376038
84,Placer,Colfax,26705.3222767442,6075099.97839871
85,San Mateo,Colma,14677.5574087004,7919731.93277284
86,San Bernardino,Colton,87245.8790894998,61239993.6644693
87,Colusa,Colusa,51340.7961007565,18267046.032752
88,Los Angeles,Commerce,34419.7069995715,24772005.221686
89,Los Angeles,Compton,65518.6681167707,38044748.5888364
90,Contra Costa,Concord,73130.1375099501,127513459.952815
91,Kings,Corcoran,53934.7707754361,29858424.9748138
92,Tehama,Corning,43990.3019648362,16019825.7551629
93,Riverside,Corona,132639.418052237,150160692.311435
94,San Diego,Coronado,51643.9853782573,54369000.3559253
95,Marin,Corte Madera,23945.6142369979,13346677.9480168
96,Orange,Costa Mesa,42864.6388678364,59407007.5962198
97,Sonoma,Cotati,22654.0211633402,8054478.42486911
98,Los Angeles,Covina,68641.7573279985,26633974.5982962
99,Del Norte,Crescent City,27369.6547145774,9047176.83395863
100,Los Angeles,Cudahy,12556.3541993487,4619389.22254961
101,Los Angeles,Culver City,43000.4907468531,19392272.6270833
102,Santa Clara,Cupertino,61921.0830346664,46432499.9866376
103,Orange,Cypress,30858.9018578347,24931635.9211352
104,San Mateo,Daly City,58686.9224074958,31481708.0804026
105,Orange,Dana Point,35764.3800881184,23829533.7887218
106,Contra Costa,Danville,59498.8340194346,75149079.2136918
107,Yolo,Davis,43727.0761240824,42513322.6939612
108,San Diego,Del Mar,15013.9662996651,6528007.00176264
109,Monterey,Del Rey Oaks,15438.2679649463,4354362.62256756
110,Kern,Delano,81035.505056398,58185971.6821413
111,Riverside,Desert Hot Springs,89443.7519455644,115059015.939031
112,Los Angeles,Diamond Bar,40852.0669566083,56260173.2860101
113,Tulare,Dinuba,32025.4985524667,26401253.6271618
114,Solano,Dixon,45030.9713116688,30637808.0728604
115,Siskiyou,Dorris,10506.6316227417,3429176.612279
116,Merced,Dos Palos,19920.8753052145,5625361.70215721
117,Los Angeles,Downey,33293.6806422824,47429347.9816647
118,Los Angeles,Duarte,41232.9447734242,25352553.4076925
119,Alameda,Dublin,47525.9444602977,63102256.5629046
120,Siskiyou,Dunsmuir,31070.512219911,7928150.29717191
121,San Mateo,East Palo Alto,17040.0888837243,10429455.7494566
122,Riverside,Eastvale,44382.0657163342,49689314.6649983
123,San Diego,El Cajon,86079.6035144979,53431661.0517799
124,Imperial,El Centro,50443.6951513556,44662188.868697
125,Contra Costa,El Cerrito,20414.0993249826,15324817.5794649
126,Los Angeles,El Monte,39418.7893358009,36375737.5926241
127,Los Angeles,El Segundo,21114.5546261691,20524972.4306624
128,Sacramento,Elk Grove,85062.4264201786,180614318.063012
129,Alameda,Emeryville,16662.5732975122,5216920.72532446
130,San Diego,Encinitas,58535.0869649252,72182317.4934034
131,San Joaquin,Escalon,31546.1028880538,9845771.79511649
132,San Diego,Escondido,205329.721891014,138573561.574623
133,Siskiyou,Etna,11297.0685031614,3470354.2971406
134,Humboldt,Eureka,67001.762169392,72595035.2710859
135,Tulare,Exeter,20871.6456755704,9753333.33350435
136,Marin,Fairfax,26563.2614439301,9362702.78455254
137,Solano,Fairfield,159968.993582147,176053174.134314
138,Tulare,Farmersville,22231.5974039177,9056224.68783269
139,Humboldt,Ferndale,11752.2745641248,5185693.95373735
140,Ventura,Fillmore,27109.0940171828,12609623.4357707
141,Fresno,Firebaugh,34938.4764622033,14568509.026707
142,Sacramento,Folsom,60618.547716755,127828711.918159
143,San Bernardino,Fontana,91356.776229656,164072192.320671
144,Mendocino,Fort Bragg,47830.7809436574,12609209.5501039
145,Siskiyou,Fort Jones,14024.3054955159,2873459.63280607
146,Humboldt,Fortuna,34275.2805122921,23527739.0916764
147,San Mateo,Foster City,21511.8784789167,17727304.765022
148,Orange,Fountain Valley,26310.6960313261,34015923.1398081
149,Fresno,Fowler,30865.7067888253,10684029.9547238
150,Alameda,Fremont,144697.719943739,324788152.758312
151,Fresno,Fresno,444050.581114827,472913909.84926
152,Orange,Fullerton,60838.9970048309,84592255.551879
153,Sacramento,Galt,46752.88692123,30398390.6152327
154,Orange,Garden Grove,75728.7085274796,67328032.9832294
155,Los Angeles,Gardena,24272.2339213504,22071814.1289727
156,Santa Clara,Gilroy,73015.263574911,67431296.4936381
157,Los Angeles,Glendale,70336.1906696738,116231433.218648
158,Los Angeles,Glendora,59814.3264611766,74515449.5140092
159,Santa Barbara,Goleta,46802.1309419931,30092246.0721183
160,Monterey,Gonzales,27134.3402274752,7545441.79886127
161,San Bernardino,Grand Terrace,21841.2242623075,13349239.6361843
162,Nevada,Grass Valley,48041.9695399109,23952067.0940774
163,Monterey,Greenfield,30925.4042218567,12209154.300895
164,Butte,Gridley,27050.4855657334,9828394.66103171
165,San Luis Obispo,Grover Beach,15132.2395055653,9027564.06120855
166,Santa Barbara,Guadalupe,17835.6436482855,5144463.69606789
167,Merced,Gustine,29208.4129123523,7397082.03790503
168,San Mateo,Half Moon Bay,42114.3387812681,25342231.081653
169,Kings,Hanford,103732.446115516,70232314.7636732
170,Los Angeles,Hawaiian Gardens,9456.85077784986,3590395.91574724
171,Los Angeles,Hawthorne,40451.3909028261,22848027.5708743
172,Alameda,Hayward,150960.214415739,187926706.726817
173,Sonoma,Healdsburg,41332.2945573473,18654908.8156534
174,Riverside,Hemet,87602.1666845229,109830880.801503
175,Contra Costa,Hercules,32377.2242691484,26787906.6107466
176,Los Angeles,Hermosa Beach,10506.4196144161,5487784.90523807
177,San Bernardino,Hesperia,163259.602060628,277190052.435746
178,Los Angeles,Hidden Hills,15762.6601617897,6400680.53948069
179,San Bernardino,Highland,81842.671804758,70780878.4782663
180,San Mateo,Hillsborough,33968.9271988645,25561624.3437265
181,San Benito,Hollister,91879.2757452871,32995623.6127401
182,Imperial,Holtville,15071.5501804571,4221823.93767982
183,Stanislaus,Hughson,17654.6763323405,7453067.01082812
184,Orange,Huntington Beach,77682.8319237742,103208441.091045
185,Los Angeles,Huntington Park,24400.3767493442,11402981.8403285
186,Fresno,Huron,17300.2656834056,6737058.10868763
187,Imperial,Imperial,43030.9819306941,23161095.5265513
188,San Diego,Imperial Beach,20877.2155003247,15916121.3230055
189,Riverside,Indian Wells,37000.3796159802,54714791.90576
190,Riverside,Indio,88236.0907133973,128486304.205082
191,Los Angeles,Industry,134966.280098387,45486035.2402469
192,Los Angeles,Inglewood,33226.1317446045,34347661.0221525
193,Amador,Ione,29435.8182497201,19481241.43127
194,Orange,Irvine,95122.6911095877,247401855.057728
195,Los Angeles,Irwindale,48481.2316503603,36466011.8753559
196,Sacramento,Isleton,10250.50420032,1958408.74294738
197,Amador,Jackson,34718.1514196566,15153684.6105377
198,Riverside,Jurupa Valley,61890.0614260409,164923950.691489
199,Fresno,Kerman,22574.903209005,13607246.1322753
200,Monterey,King City,31565.1988254942,16014595.1253126
201,Fresno,Kingsburg,30624.4041127961,14958994.1763605
202,Los Angeles,La Cañada Flintridge,33986.965225665,32825753.8610071
203,Orange,La Habra,27108.1499262557,28562319.145603
204,Los Angeles,La Habra Heights,25717.6686676661,23237655.6637481
205,San Diego,La Mesa,49608.2921700486,33194719.6944511
206,Los Angeles,La Mirada,29339.4137717258,29566087.3698077
207,Orange,La Palma,16510.7904487942,6802322.81976625
208,Los Angeles,La Puente,31989.298196675,13139034.4396076
209,Riverside,La Quinta,74293.2293567277,133849046.122205
210,Los Angeles,La Verne,42546.1443352521,32257082.1818027
211,Contra Costa,Lafayette,55338.3834566903,63283520.619491
212,Orange,Laguna Beach,64389.0854700343,33138917.2190472
213,Orange,Laguna Hills,36409.4749635309,24878973.8617299
214,Orange,Laguna Niguel,44223.7391339646,55229713.4151309
215,Orange,Laguna Woods,27897.5638547132,12378183.5048001
216,Riverside,Lake Elsinore,113953.132113739,163036845.235119
217,Orange,Lake Forest,39881.6113500689,62917505.2962827
218,Lake,Lakeport,27465.1796103422,13401014.622519
219,Los Angeles,Lakewood,45731.4557849786,35596072.4037286
220,Los Angeles,Lancaster,252267.671355132,362603669.194286
221,Marin,Larkspur,30788.3429092546,13293315.126038
222,San Joaquin,Lathrop,67122.3310782852,87018612.5561323
223,Los Angeles,Lawndale,13589.2994598606,7442780.79659892
224,San Diego,Lemon Grove,23548.0342435934,14357877.079325
225,Kings,Lemoore,39733.582169103,35652611.3720511
226,Placer,Lincoln,65465.9506515907,101593332.158963
227,Tulare,Lindsay,24491.6118849095,10821316.0712293
228,Sutter,Live Oak,27348.6495563244,13470636.9969138
229,Alameda,Livermore,104569.913042047,110291983.063932
230,Merced,Livingston,28543.0067278259,15185179.445829
231,San Joaquin,Lodi,62878.7883997063,58646344.7806485
232,San Bernardino,Loma Linda,29108.8781077374,32998243.2487689
233,Los Angeles,Lomita,16515.6223712432,7217657.14836295
234,Santa Barbara,Lompoc,48729.2242162601,44921248.2235568
235,Los Angeles,Long Beach,120342.436796653,195374788.871158
236,Placer,Loomis,37187.1496212078,31363962.7509739
237,Orange,Los Alamitos,25658.7853177052,15409187.5329346
238,Santa Clara,Los Altos,42741.9636341469,26806472.2661102
239,Santa Clara,Los Altos Hills,44258.572593914,37228036.1354935
240,Los Angeles,Los Angeles,596444.919468043,1783699495.24902
241,Merced,Los Banos,57222.7067406854,43298500.4215823
242,Santa Clara,Los Gatos,92916.2099173322,47689984.5863686
243,Sierra,Loyalton,5251.28898562734,1489336.42872194
244,Los Angeles,Lynwood,26554.264533099,18294345.5523782
245,Madera,Madera,72605.2110377074,67723732.9352994
246,Los Angeles,Malibu,92982.981661479,73975531.3406999
247,Mono,Mammoth Lakes,58077.39859624,104102584.174827
248,Los Angeles,Manhattan Beach,17595.2238846574,14926378.5066566
249,San Joaquin,Manteca,87492.4815097322,89300733.7864371
250,Kern,Maricopa,18475.6070196274,5975737.3849617
251,Monterey,Marina,38422.8669723451,35446986.8301418
252,Contra Costa,Martinez,74620.7855349447,52940579.5192987
253,Yuba,Marysville,26996.4854507574,15713109.2538176
254,Los Angeles,Maywood,11065.7834962406,4438563.45854793
255,Kern,McFarland,31411.9445039601,11851694.0133685
256,Fresno,Mendota,34555.5949192477,13475055.704249
257,Riverside,Menifee,83343.6694492775,174635870.102257
258,San Mateo,Menlo Park,69961.0856747928,41852669.8438117
259,Merced,Merced,133704.71088363,95885024.1216022
260,Marin,Mill Valley,35589.9807841194,20078173.6084684
261,San Mateo,Millbrae,20198.729946286,13490836.2894505
262,Santa Clara,Milpitas,60850.4116832612,55691336.7727112
263,Orange,Mission Viejo,47273.0543881292,67400724.8980839
264,Stanislaus,Modesto,200787.278234543,185629914.329779
265,Los Angeles,Monrovia,53149.2903470202,52129580.962525
266,Siskiyou,Montague,16687.0001834397,8089220.23492677
267,San Bernardino,Montclair,23083.9476568883,21030149.1985256
268,Santa Clara,Monte Sereno,25308.2288234222,6641003.80553465
269,Los Angeles,Montebello,36783.7997541434,31602688.2093457
270,Monterey,Monterey,62534.6719586826,33754032.5190955
271,Los Angeles,Monterey Park,29326.9281861026,29283299.4401532
272,Ventura,Moorpark,42232.073832857,47443273.5513904
273,Contra Costa,Moraga,39240.7394193598,39419995.6243038
274,Riverside,Moreno Valley,94349.3756158183,194325185.369671
275,Santa Clara,Morgan Hill,107865.185672825,52684187.6839736
276,San Luis Obispo,Morro Bay,34075.0778035956,23663789.9130708
277,Siskiyou,Mount Shasta,35894.2412463428,16632746.3011991
278,Santa Clara,Mountain View,55031.9963453228,49802185.7643319
279,Riverside,Murrieta,69379.4001279211,125624122.735759
280,Napa,Napa,129503.778061574,77254315.6752562
281,San Diego,National City,65504.2692005885,34048338.556628
282,San Bernardino,Needles,65594.8817845209,120051685.719278
283,Nevada,Nevada City,26120.7803190496,10164505.3178199
284,Alameda,Newark,38337.6994856262,57958722.7971975
285,Stanislaus,Newman,23302.3138792738,9151114.16381159
286,Orange,Newport Beach,74625.3428956201,96841480.094498
287,Riverside,Norco,44775.1228194936,52726840.3545307
288,Los Angeles,Norwalk,33681.1472121842,36808130.2609465
289,Marin,Novato,114776.014026665,116161736.84617
290,Stanislaus,Oakdale,44432.5248425741,25993337.3531645
291,Alameda,Oakland,151709.030330658,234498887.886209
292,Contra Costa,Oakley,48766.394827593,67623872.350166
293,San Diego,Oceanside,88470.8786148174,156306446.877918
294,Ventura,Ojai,27349.5567964179,16674611.1742896
295,San Bernardino,Ontario,65548.4801123092,188782789.350318
296,Orange,Orange,125491.478696718,97108748.124019
297,Fresno,Orange Cove,17047.9985535811,7307082.82094248
298,Contra Costa,Orinda,48145.8364134262,53560363.1857604
299,Glenn,Orland,26207.6976093362,13208664.7002081
300,Butte,Oroville,92788.2091153015,60863715.9124072
301,Ventura,Oxnard,119737.081398653,103342465.515375
302,Monterey,Pacific Grove,24160.3206710166,11568089.1096529
303,San Mateo,Pacifica,50244.9730161097,51327798.7450083
304,Riverside,Palm Desert,75849.3998820899,101242338.910976
305,Riverside,Palm Springs,176668.781196456,355393408.045139
306,Los Angeles,Palmdale,252670.916212208,407166454.37809
307,Santa Clara,Palo Alto,116664.57201978,99492988.2127277
308,Los Angeles,Palos Verdes Estates,26368.0304596918,17963838.200525
309,Butte,Paradise,41387.3558466656,79149910.3742156
310,Los Angeles,Paramount,24979.9724426193,18182373.169475
311,Fresno,Parlier,27290.2361682818,9710166.59616402
312,Los Angeles,Pasadena,104400.601221918,87596897.9223657
313,San Luis Obispo,Paso Robles,78994.6132069921,78443161.1861292
314,Stanislaus,Patterson,47779.2368168945,32954916.0112279
315,Riverside,Perris,85799.1294523827,119259947.003364
316,Sonoma,Petaluma,67127.900283116,61200535.2219997
317,Los Angeles,Pico Rivera,35140.8539442077,33631078.2715816
318,Alameda,Piedmont,11464.9088245272,7100715.36513771
319,Contra Costa,Pinole,34441.4231522047,21390538.7472783
320,San Luis Obispo,Pismo Beach,40020.2736968292,13553479.7105524
321,Contra Costa,Pittsburg,71485.9225400738,69615666.4668728
322,Orange,Placentia,45557.7866030388,25003669.2709916
323,El Dorado,Placerville,56039.5180042872,24882613.7930105
324,Contra Costa,Pleasant Hill,41249.6220295386,29528939.7814644
325,Alameda,Pleasanton,99485.8340601923,100556714.144605
326,Amador,Plymouth,30750.0065844473,11255453.5352543
327,Mendocino,Point Arena,16546.5057353191,5781766.42288816
328,Los Angeles,Pomona,60093.8122298215,86949260.6873071
329,Ventura,Port Hueneme,19385.6585029836,17128019.1885021
330,Tulare,Porterville,134964.502539811,73626040.658904
331,Plumas,Portola,39375.5940114379,23881760.8179444
332,San Mateo,Portola Valley,32986.6997186912,37166255.7415581
333,San Diego,Poway,77232.8926234223,144426724.43941
334,Sacramento,Rancho Cordova,83234.2105554314,147780490.033888
335,San Bernardino,Rancho Cucamonga,64993.5666783682,176217915.400612
336,Riverside,Rancho Mirage,63952.2573689932,96272904.7950941
337,Los Angeles,Rancho Palos Verdes,75838.3720458161,50715804.984237
338,Orange,Rancho Santa Margarita,53484.8247992307,48612722.8160892
339,Tehama,Red Bluff,72739.7786162155,34586653.7665093
340,Shasta,Redding,200002.486364008,273653778.536204
341,San Bernardino,Redlands,111481.867114611,137182930.183774
342,Los Angeles,Redondo Beach,34898.51272754,23634839.2027566
343,San Mateo,Redwood City,93611.4612668089,89617439.0361925
344,Fresno,Reedley,43003.7486545284,22607950.523177
345,San Bernardino,Rialto,98745.6370998239,91390403.5799494
346,Contra Costa,Richmond,176965.464693012,126675636.529091
347,Kern,Ridgecrest,69285.6735449347,84540228.6055726
348,Humboldt,Rio Dell,28074.4491535008,11666569.5630809
349,Solano,Rio Vista,35454.3947119044,28935366.1942776
350,San Joaquin,Ripon,37095.6139718161,22885456.8431121
351,Stanislaus,Riverbank,28698.0202452408,19707228.7970849
352,Riverside,Riverside,125771.980799906,307618936.831798
353,Placer,Rocklin,52386.9677909042,84310905.0870617
354,Sonoma,Rohnert Park,40766.6339277501,30829152.2290025
355,Los Angeles,Rolling Hills,17709.4722533371,11232750.6142679
356,Los Angeles,Rolling Hills Estates,44984.5462724514,13510504.4649453
357,Los Angeles,Rosemead,34742.7230793602,19557738.3164561
358,Placer,Roseville,103311.790809225,188369685.771561
359,Marin,Ross,14630.4885851062,6482114.66110868
360,Sacramento,Sacramento,198235.433107306,427007328.64434
361,Monterey,Salinas,59269.1649201877,94905743.3475307
362,Marin,San Anselmo,23655.4797728855,11135699.3373463
363,San Bernardino,San Bernardino,262073.488311803,236679086.326048
364,San Mateo,San Bruno,29835.1014582865,22670974.6571342
365,San Mateo,San Carlos,38466.2051114396,22245703.0829047
366,Orange,San Clemente,46048.6615335189,68399728.0620574
367,San Diego,San Diego,435778.63815993,1248246435.17019
368,Los Angeles,San Dimas,62777.7392005674,58386928.242411
369,Los Angeles,San Fernando,13535.6471148585,9028821.99351933
370,San Francisco,San Francisco,88017.5832295031,196956991.160171
371,Los Angeles,San Gabriel,35543.8786644451,15644452.7062551
372,Riverside,San Jacinto,72246.5252366248,97900780.6293967
373,Fresno,San Joaquin,16766.3997344222,4621577.89592174
374,Santa Clara,San Jose,558594.751584615,736732528.688979
375,San Benito,San Juan Bautista,11891.297445201,3161606.37488015
376,Orange,San Juan Capistrano,39988.5941283384,53812533.9354759
377,Alameda,San Leandro,44204.82389077,55297492.9375339
378,San Luis Obispo,San Luis Obispo,63090.7801074243,53035632.7110475
379,San Diego,San Marcos,82477.3069318236,91060676.7413586
380,Los Angeles,San Marino,20988.4402580177,14270612.8057947
381,San Mateo,San Mateo,55198.7179558889,51529814.5941291
382,Contra Costa,San Pablo,20723.2271520139,10873954.9700054
383,Marin,San Rafael,91209.0985089711,69657593.2837446
384,Contra Costa,San Ramon,53489.5086293224,83436495.9585719
385,Monterey,Sand City,7145.79009381909,1805350.07046383
386,Fresno,Sanger,30814.8590475768,23145354.4768336
387,Orange,Santa Ana,59297.69207575,102836272.019053
388,Santa Barbara,Santa Barbara,98848.905762558,74577754.5021556
389,Santa Clara,Santa Clara,58831.0412529145,74710485.5291127
390,Los Angeles,Santa Clarita,134970.730700177,270381322.224639
391,Santa Cruz,Santa Cruz,61502.4664412578,51660946.6785797
392,Los Angeles,Santa Fe Springs,57872.9378690473,33436576.4435207
393,Santa Barbara,Santa Maria,87515.7967761361,90883577.6191659
394,Los Angeles,Santa Monica,24259.2892449961,32088268.5090068
395,Ventura,Santa Paula,32901.0264262498,21768873.8512776
396,Sonoma,Santa Rosa,242662.949111027,180908962.716693
397,San Diego,Santee,53802.5215810509,61484241.4932112
398,Santa Clara,Saratoga,38809.1089015499,52363903.2096631
399,Marin,Sausalito,16234.5331496425,7073235.09512813
400,Santa Cruz,Scotts Valley,36359.772339483,18942579.4532402
401,Orange,Seal Beach,35829.3542516322,44410775.3253452
402,Monterey,Seaside,28291.5600900632,37576691.7711317
403,Sonoma,Sebastopol,24751.2424303691,7963427.48089511
404,Fresno,Selma,41678.1152430873,23569157.0990084
405,Kern,Shafter,95747.5985247595,151805676.324812
406,Shasta,Shasta Lake,36093.5685176922,48898968.2510691
407,Los Angeles,Sierra Madre,14811.9517334063,11224441.3110443
408,Los Angeles,Signal Hill,20718.6965209278,8263922.9370543
409,Ventura,Simi Valley,105750.85049217,160889382.595036
410,San Diego,Solana Beach,17561.8286791105,12566902.2024106
411,Monterey,Soledad,40888.1283434078,18966855.5913259
412,Santa Barbara,Solvang,24088.2429126894,9355712.99744572
413,Sonoma,Sonoma,23871.5576517794,11071137.5034506
414,Tuolumne,Sonora,21841.3039390573,12993923.5668514
415,Los Angeles,South El Monte,22809.6687687195,10779077.0036994
416,Los Angeles,South Gate,37662.4477779243,27722325.172597
417,El Dorado,South Lake Tahoe,55721.7024777345,74955719.4530703
418,Los Angeles,South Pasadena,15983.9196173555,12938297.3292737
419,San Mateo,South San Francisco,63507.5265110518,37827918.4088678
420,Napa,St. Helena,31664.0712425903,21581247.2063242
421,Orange,Stanton,33483.405482768,11686823.3104436
422,San Joaquin,Stockton,281373.058269844,276758684.607823
423,Solano,Suisun City,34090.9592344594,17185155.8896152
424,Santa Clara,Sunnyvale,65588.7543784695,91366252.733364
425,Lassen,Susanville,66105.7518881547,35316412.0152305
426,Amador,Sutter Creek,32096.7323373362,11304102.8218378
427,Kern,Taft,53480.1798617674,58700865.6690293
428,Kern,Tehachapi,65979.8003127906,39970878.7652332
429,Tehama,Tehama,8621.66392371782,3456749.73994072
430,Riverside,Temecula,86826.8834935537,138825973.894182
431,Los Angeles,Temple City,22322.0282256972,15259500.1135583
432,Ventura,Thousand Oaks,123574.67923006,210489429.57306
433,Marin,Tiburon,51608.8531781674,18854218.5577307
434,Los Angeles,Torrance,51431.0729386085,77323535.0450763
435,San Joaquin,Tracy,128899.376785579,109828024.002341
436,Humboldt,Trinidad,13033.1811784927,2076952.6701761
437,Nevada,Truckee,92677.013875475,146124763.260237
438,Tulare,Tulare,80939.1074005729,81450731.2479355
439,Siskiyou,Tulelake,6727.17544813947,1910090.31262772
440,Stanislaus,Turlock,63723.1993275508,69493672.6153313
441,Orange,Tustin,57145.1763645263,41820895.9695602
442,San Bernardino,Twentynine Palms,106740.922849077,222715993.37796
443,Mendocino,Ukiah,36972.481228619,20608561.8073339
444,Alameda,Union City,71695.2447590985,80377660.5045681
445,San Bernardino,Upland,35235.9098136648,59394283.6947699
446,Solano,Vacaville,99661.3418556162,125859689.643749
447,Solano,Vallejo,111406.58078821,128781938.820058
448,Ventura,Ventura,127366.153137471,84183660.7773692
449,Los Angeles,Vernon,31186.4239824759,19472683.6452731
450,San Bernardino,Victorville,142990.449724695,283232286.718073
451,Orange,Villa Park,17655.3859711759,7853818.39465915
452,Tulare,Visalia,132472.38948029,153180776.440136
453,San Diego,Vista,99294.9360690484,69662663.623838
454,Los Angeles,Walnut,33705.1607973172,33932903.1767105
455,Contra Costa,Walnut Creek,116944.312635596,82428801.5853347
456,Kern,Wasco,51022.8149686062,37477413.0621903
457,Stanislaus,Waterford,18582.4891401087,10166347.666525
458,Santa Cruz,Watsonville,48950.2137587499,27580445.252105
459,Siskiyou,Weed,36202.9728628582,22193265.7741761
460,Los Angeles,West Covina,75435.3600168253,60787433.9714989
461,Los Angeles,West Hollywood,21043.1206737822,7178771.4609599
462,Yolo,West Sacramento,46539.3055212369,97647197.2333109
463,Los Angeles,Westlake Village,23742.8009022052,20803175.919283
464,Orange,Westminster,54680.6146773353,37856067.8402254
465,Imperial,Westmorland,11110.203551094,2278996.96072226
466,Yuba,Wheatland,46816.2199893527,34931643.8932425
467,Los Angeles,Whittier,60122.3409694453,55332675.1095361
468,Riverside,Wildomar,42930.1354892912,88793381.112971
469,Colusa,Williams,31323.7559121148,21810706.8501595
470,Mendocino,Willits,29849.4400068215,12210984.3925602
471,Glenn,Willows,22524.080615691,12296339.7639474
472,Sonoma,Windsor,57540.81457591,31964864.1078297
473,Yolo,Winters,24490.1125811705,10804762.3169474
474,Tulare,Woodlake,29231.0651581337,13124119.4198152
475,Yolo,Woodland,73095.5181818295,63904987.7647441
476,San Mateo,Woodside,59404.6392043052,47181679.9897704
477,Orange,Yorba Linda,73709.6961450617,75095135.0907933
478,Napa,Yountville,18166.7764789401,6139924.49339725
479,Siskiyou,Yreka,64683.1907662049,46798868.2873598
480,Sutter,Yuba City,74665.9520026705,66302159.0661029
481,San Bernardino,Yucaipa,66660.7723633348,106858391.707792
482,San Bernardino,Yucca Valley,63739.2351735884,150931680.227103
